Longitude;Latitude
47.2593609683312;-2.34097896536791
47.2594219566911;-2.34080305605907
47.2594600203381;-2.34068596654985
47.2595439932485;-2.34067298291243
47.2595500340562;-2.34067504192812
47.2597070003386;-2.34075997932796
47.2597919659531;-2.34079003792451
47.2598770231193;-2.34082593755633
47.259965034163;-2.3408349601618
47.2600469716054;-2.34078002336827
47.2600479671519;-2.34077800175734
47.2600750202514;-2.34052594784027
47.2600850115355;-2.34041494393538
47.2600950156567;-2.3402860480997
47.2601050067112;-2.34017504410893
47.2601079656106;-2.34005803877008
47.2601080361355;-2.34003498346854
47.2601029719281;-2.33981605036053
47.2601119830838;-2.33969302004379
47.2601220293641;-2.33957102046895
47.2601279756477;-2.33944596215535
47.2600800268919;-2.33934496681953
47.2600750270062;-2.33933598676282
47.2600029967386;-2.33922106499382
47.2599930328316;-2.33921994129379
47.260046979323;-2.3390479666843
47.260056968146;-2.33903093460283
47.2601580199441;-2.33889996163868
47.260209979707;-2.33881804982992
47.2602780049826;-2.33873800093116
47.2603529579581;-2.33867600396753
47.2604069628659;-2.33858104081661
47.2604669617447;-2.33849502384953
47.2605279916059;-2.33841600147037
47.260534996631;-2.33840105813099
47.260640002572;-2.33824105158025
47.2607230110145;-2.33824506604056
47.2608020168372;-2.33819301412412
47.2608220329331;-2.33807001625364
47.260868022755;-2.3379610002198
47.260877957174;-2.33795297525461
47.2609530355325;-2.33776295162042
47.2609449764674;-2.33765001804911
47.2609480212476;-2.33753500769451
47.260930004984;-2.33741101068835
47.2609069685977;-2.33729804587844
47.260870039041;-2.33718502509669
47.2608629739758;-2.33716603154159
47.2608180036176;-2.33697295042007
47.2608120314541;-2.33684604268571
47.2608120094015;-2.33673099280127
47.2607969712431;-2.33660305118185
47.2608150062811;-2.33647601217298
47.2608380399245;-2.33635994099967
47.2608749590643;-2.33624604550809
47.260904970626;-2.33614498257269
47.2609130208221;-2.33612497357117
47.2609900146714;-2.33595793551487
47.2610499711338;-2.3358610420648
47.2610949937236;-2.33577101406774
47.2611429897402;-2.3356849927531
47.2611920209821;-2.33560000201203
47.2612450292552;-2.33550506801184
47.2612949646412;-2.33542003429179
47.2613529885077;-2.33532003164757
47.2614019809855;-2.33522999971665
47.2614519688402;-2.33513794585345
47.2614580306651;-2.3351180039586
47.2614970176463;-2.33492001340401
47.2615000110981;-2.33480605724021
47.2615219732756;-2.33467794849852
47.2616029954265;-2.33463497165791
47.2616179750837;-2.3346310261677
47.2617669734521;-2.3346030232721
47.2618550084168;-2.33458605937586
47.2619150249859;-2.33457598648249
47.2619749570922;-2.33455795240967
47.2620350188763;-2.33454297974814
47.2621019873219;-2.33452498221677
47.2621900155681;-2.33451795841377
47.2622650171274;-2.33449598753595
47.2623329809952;-2.33447596805546
47.2624169969918;-2.33446006234755
47.2624820191478;-2.33445101690706
47.262552995068;-2.33444004479036
47.2626279885764;-2.3344300021448
47.2626930160742;-2.3344130042966
47.2627770009351;-2.33438993769943
47.262831986295;-2.33430102842488
47.2628730107962;-2.33418806570746
47.262884974345;-2.33418103672917
47.2630199782504;-2.33416105204098
47.2631050355595;-2.33414604442861
47.2631870435658;-2.3341149603836
47.2632720009703;-2.33410603998625
47.2633600278177;-2.33410100345291
47.263445046565;-2.33408095493489
47.2635319629275;-2.33405300940977
47.2636180323552;-2.33401994272187
47.2637049899036;-2.33399306150536
47.2637799694833;-2.33395001158899
47.263846959813;-2.33390802326812
47.2639319864797;-2.33387604548445
47.2640070159484;-2.3338299515139
47.2640830360695;-2.33377997933428
47.2641520018166;-2.33374799568637
47.2642349617937;-2.33370799154654
47.264302040519;-2.33366799963835
47.2643580280541;-2.333620012711
47.2643800181322;-2.33360098975386
47.2644870221083;-2.33351499313517
47.2645570397248;-2.33346800248596
47.264627018749;-2.33341597088826
47.2646930327168;-2.33335598963451
47.2647630103686;-2.33330594591989
47.2648079849351;-2.33321298883217
47.2648450406657;-2.33309604793518
47.2648829926765;-2.33299099316949
47.2649080395724;-2.33288598146918
47.2649100009678;-2.332862979575
47.2649270363443;-2.33263800647958
47.2649520251833;-2.33254796729799
47.2649869766008;-2.33246103875226
47.2650369929875;-2.33238594606233
47.2650969619976;-2.33232006040004
47.2651619834639;-2.33226594363757
47.2652280202741;-2.33222505045068
47.2652899604931;-2.33218494314028
47.2653539665584;-2.3321450409865
47.2654170318859;-2.33210597315464
47.2654830248144;-2.33206799142066
47.2655500118239;-2.33202997580319
47.2656179942103;-2.33198993810779
47.2656850275964;-2.33194503405369
47.2657529726068;-2.33189796702251
47.2658030337188;-2.3318179726784
47.2658370004301;-2.33172497952487
47.2658529704717;-2.33162502874266
47.2658819700505;-2.33153604883106
47.2659379571821;-2.33144100113558
47.2660150007538;-2.33145501738024
47.2661020268606;-2.33145995110019
47.2661619668763;-2.33147505199476
47.2662299906972;-2.33149095598612
47.2663070020359;-2.33148999030777
47.2663869672974;-2.33146797646935
47.2664649632995;-2.33142601597976
47.2665029790585;-2.3313959905259
47.2666150419483;-2.33130001683075
47.2666930168379;-2.33123498885924
47.2667680167601;-2.33116794193085
47.2668429718959;-2.33109598573747
47.2668819867778;-2.33105797307419
47.2669219896678;-2.3310200585005
47.2669629901553;-2.33098595458919
47.2670030390502;-2.33095096075365
47.2670729896872;-2.33087598824291
47.2671319723202;-2.3308060237624
47.2672029655378;-2.33072996142574
47.2672650102904;-2.3306660008025
47.2673299576435;-2.33058602361216
47.2673879643643;-2.33055294550469
47.2674070275276;-2.33022105552788
47.2674100085442;-2.33022294231186
47.2673529650545;-2.33004097351735
47.2673749558291;-2.32991603365822
47.2673820232069;-2.32988598190272
47.2674600444669;-2.32971795727923
47.2675149612456;-2.32965593853969
47.267571999754;-2.32959094896161
47.2676279704098;-2.32950994607418
47.2677000368496;-2.32943995316831
47.267765018341;-2.32937097978166
47.2678229845225;-2.32927797904659
47.26788700683;-2.32922004510759
47.2679669951488;-2.32917005937923
47.2680469920078;-2.3291159649803
47.2680620237464;-2.32910499697036
47.2681679933726;-2.32896294253972
47.268226957569;-2.32891100109157
47.2682919675654;-2.32886297388527
47.2683629637631;-2.32882800171911
47.2684400070158;-2.32879495552306
47.2685099543271;-2.32877101418922
47.2685800197131;-2.32872096986994
47.2686049827884;-2.32860003361588
47.2685749814947;-2.32850293595124
47.2685670144639;-2.32847801868655
47.268511994011;-2.3283030095906
47.2684700028185;-2.32818801913928
47.2684280115113;-2.32807302886763
47.2684000077752;-2.32795995772116
47.2683739872696;-2.32784496261799
47.2683469725568;-2.32773000149769
47.2683129602212;-2.32762004594238
47.2682719951738;-2.32752000519092
47.2682299983319;-2.32741296902054
47.2681930288792;-2.32733002786248
47.268145033318;-2.32722001045869
47.2680970376514;-2.32710999325138
47.2680529624222;-2.32700301660363
47.2680250293051;-2.32690997049058
47.2680269674114;-2.32680504271683
47.2680379654241;-2.32676994544838
47.2681070170074;-2.32658299622695
47.2681050185822;-2.32649106618604
47.2680919709726;-2.32640002792469
47.2680779777422;-2.32630796794182
47.2680699793334;-2.32621504482128
47.2680600448839;-2.32612497847484
47.2680419715132;-2.32599605970397
47.2680170449926;-2.3258709679627
47.2680029901802;-2.32574099004353
47.2679980136903;-2.32565101826381
47.267997990014;-2.32552004676005
47.2679849762531;-2.32539096768173
47.2679749810259;-2.32526099516843
47.2679680208667;-2.32517294763877
47.2679619600233;-2.32508300097792
47.2679470141198;-2.32499005177835
47.2679350091284;-2.32489593628552
47.2679270095881;-2.32480301362229
47.2679130139184;-2.32471294261505
47.2679019894928;-2.32462104550708
47.2678920076136;-2.3245280588451
47.2678780105639;-2.32443997624409
47.2678569567802;-2.32431500487261
47.2678379808665;-2.32418997463669
47.2678169669508;-2.32406805630098
47.2678080239606;-2.32403098042906
47.2677730432534;-2.32383993897468
47.2677730152245;-2.32371294456417
47.2678320371273;-2.32364005933447
47.267914975908;-2.32362005158584
47.2679749581399;-2.32359498278102
47.2680479799416;-2.32356497710552
47.2680900384915;-2.3235509885088
47.268137014066;-2.32353602948531
47.2681850287953;-2.32352594568052
47.2682370066098;-2.32351797826668
47.2682929558751;-2.3235080187067
47.268352972476;-2.32349594394317
47.2684170419819;-2.32348599447627
47.26848296363;-2.32347304725228
47.2685520047383;-2.32346093968027
47.2686200445376;-2.32345098629105
47.2686880441802;-2.32343797998286
47.2687570379109;-2.32342493969036
47.2688269783614;-2.32341093278226
47.2688919957195;-2.32339802822928
47.2689480408449;-2.32338794537252
47.269003034999;-2.32338306072708
47.2690900338175;-2.32336305720548
47.2691719580928;-2.32331603774571
47.2692529851308;-2.32337100243156
47.2693050218509;-2.32345795555647
47.2693370178434;-2.32355100716503
47.2693650353903;-2.32365798103098
47.2694000383381;-2.32377002257949
47.2694420362077;-2.32388103490104
47.2694730415161;-2.32397796564876
47.2694819975366;-2.32400298068684
47.2695680055677;-2.32419299295397
47.2696149755688;-2.32429004985478
47.2696319680076;-2.32431493440047
47.2697220118592;-2.32442302593252
47.2697700112366;-2.32448001853672
47.269814981177;-2.32454599016444
47.2698569641272;-2.32462001708971
47.2698949732174;-2.32470001293444
47.2699300060438;-2.3247799787109
47.2699680173698;-2.32485599807088
47.2700050298542;-2.32494000488133
47.2700850254183;-2.32498598874351
47.2701579729355;-2.32499097357382
47.2701750194462;-2.32499505124061
47.2702879647043;-2.32486600437844
47.270297000085;-2.32474600122879
47.2703119795688;-2.3246399769471
47.2703099725341;-2.32461101109926
47.2703029715467;-2.32440802159739
47.2702930095408;-2.32429103847348
47.2702819730562;-2.32416798336176
47.2702730106975;-2.32404102456432
47.270265039976;-2.32391800859452
47.2702499888972;-2.32378805969519
47.2702329544028;-2.3236600351643
47.2702149684395;-2.32354093076935
47.2702030208239;-2.32341805081634
47.2701980413894;-2.32333006393067
47.2701949636869;-2.32323603515496
47.2701950004514;-2.3231409896827
47.2701930319891;-2.32301300176174
47.2701879867334;-2.3228930602737
47.2701920155122;-2.32277004189525
47.2702019943057;-2.32265106034923
47.2702120320842;-2.32252293763732
47.2702130414111;-2.32239100302311
47.270212968965;-2.32237097852708
47.2701720327157;-2.32217005968861
47.2701519649696;-2.32205499169521
47.2701180197996;-2.32196506049886
47.2700799719994;-2.32187604821222
47.2700280322352;-2.32178499559815
47.2699679649763;-2.32169605360945
47.2699169811921;-2.32159793770815
47.2698920450009;-2.32147098725521
47.2699329900777;-2.32138105944734
47.2699900161034;-2.32132997664315
47.2700469622931;-2.3212609896175
47.2700879739751;-2.32114800178369
47.2701169848283;-2.32103501693836
47.2701270070189;-2.32092094460564
47.2701329767054;-2.32079294884752
47.2701420122517;-2.32077303207369
47.2701550158143;-2.3205410076111
47.2701470033422;-2.32041096273618
47.270127971464;-2.32029294933837
47.2701049702598;-2.32017295175155
47.2700770267185;-2.32007804924224
47.2700499608129;-2.31996600048443
47.2700849692428;-2.31985599590517
47.2701630263411;-2.31979294439753
47.2702279894569;-2.31973601832882
47.2703080073552;-2.31970099948755
47.2703779789562;-2.3196509327664
47.2704500333064;-2.31958105502442
47.2705300277657;-2.31957798175954
47.2705499701615;-2.31957598163832
47.2706899578019;-2.3195809764086
47.2707770266701;-2.31958496757363
47.2708580069818;-2.31958596901022
47.2709430441597;-2.31959294039269
47.2710220215588;-2.31961004899682
47.2711080326673;-2.31964296752394
47.2711720233714;-2.31967794540501
47.2712349704051;-2.31971600152257
47.2712949897007;-2.31975297209298
47.2713730360889;-2.31980803563807
47.2714519812769;-2.31987299846123
47.2715369971177;-2.3199079401022
47.2715379840576;-2.31991002646261
47.2716249958665;-2.3198759655053
47.2717049999183;-2.31991001270992
47.2717169726436;-2.31977505189765
47.2718399964417;-2.31961305246493
47.2719119680484;-2.31954104347393
47.271969998121;-2.31947003853548
47.2720230403611;-2.31937600227206
47.2720899722955;-2.31928798257107
47.2721379759268;-2.31917594733309
47.2721400065232;-2.31917495548796
47.2722230068496;-2.31912803381481
47.2723670366389;-2.31915503714714
47.2723869725572;-2.31916496745804
47.2725180277418;-2.31922104347495
47.2725899591267;-2.31925601346342
47.2726699704671;-2.31928793993312
47.2727500170773;-2.31932106313315
47.2728299766768;-2.31936001093561
47.2728850338236;-2.3193930434551
47.272940044217;-2.31943495369014
47.2729930179357;-2.31947798783125
47.2730480222358;-2.31952003020833
47.273122959148;-2.31957796867973
47.2731999657983;-2.31963995708558
47.2732679881682;-2.31970503218104
47.2733430022235;-2.31977504289321
47.273420005499;-2.31984299727858
47.2734850249773;-2.31989093846373
47.2735080207887;-2.31990104004414
47.2736049841971;-2.32000000719085
47.2736580409657;-2.32005498226589
47.2737130428579;-2.32010100273767
47.2737919921792;-2.32015801484029
47.2738629617389;-2.32020999359399
47.2739350069318;-2.32026605635054
47.2739979923298;-2.32032095585083
47.2740619690177;-2.32036998792738
47.2741319680035;-2.32039005313995
47.2742170231474;-2.3203750206293
47.274265043346;-2.3202999718203
47.2743050385601;-2.32021497956749
47.2743500046464;-2.32011801798969
47.2743919585651;-2.32001001904576
47.2744320433855;-2.3199250352814
47.2744719958984;-2.31984096630588
47.2744830341989;-2.31980493958264
47.2745469978561;-2.31964794805744
47.2745799943618;-2.31956995047907
47.274616952883;-2.3194960576938
47.2746499956056;-2.31942098117525
47.2747029946621;-2.31931805333075
47.2747469877145;-2.31920296359522
47.2747920089485;-2.31909102484829
47.2748399638604;-2.31898003960415
47.274880027629;-2.31886601818854
47.2747511722854;-2.31871682529524
47.2747738294368;-2.31843164674515
47.2746261626426;-2.31831877253382
47.2748471216286;-2.31756231915265
47.2748564575841;-2.31725474029385
47.2749210432853;-2.31667913172951
47.2750006394494;-2.31609095610461
47.2751619904603;-2.31590370162998
47.2753953964071;-2.31549899873696
47.2757226788786;-2.31502656361537
47.276102007624;-2.31464293492562
47.2761269763269;-2.31455300063441
47.2761570271867;-2.31443095524751
47.2761830097678;-2.31431301449406
47.2762149910866;-2.31419805415917
47.2762469783451;-2.3140829617081
47.2762770167337;-2.31397297928692
47.276297980133;-2.31386806409752
47.2763279700414;-2.31377093684195
47.27636301979;-2.31365004856771
47.2763750473024;-2.31361995093923
47.2764280057203;-2.31344303131187
47.276465041345;-2.31332605150025
47.2764920417208;-2.31324294623932
47.2765180418985;-2.31316000702121
47.2765519717556;-2.3130379464598
47.2765829676493;-2.31291493235399
47.2765899741858;-2.31289003823415
47.276634996962;-2.31271299447476
47.2766620193319;-2.31259595044186
47.2766880000424;-2.31247800769292
47.2767149699205;-2.31236997368471
47.2767599845257;-2.31225802511436
47.2767880005203;-2.31214094641525
47.2767919902351;-2.31211296926998
47.2768369808837;-2.31191298476896
47.276864999378;-2.311789939896
47.2768930126378;-2.31166503826618
47.2769149633009;-2.3115700298508
47.2769400302068;-2.31147002662367
47.2769649569129;-2.31137504748846
47.2769920020054;-2.31128306214992
47.2770149957843;-2.31118497475368
47.2770499822383;-2.31109099110346
47.2770869740645;-2.31097294357239
47.2771180073137;-2.3108549690322
47.2771350148278;-2.3107260603605
47.2771220442649;-2.31069998401433
47.2770299866458;-2.31054304549987
47.2769919832208;-2.31044303093215
47.2769570420342;-2.31035100922971
47.2769220100295;-2.3102609673686
47.2768849897857;-2.31017099402831
47.2768370177076;-2.31006601611197
47.276796979681;-2.30997494894484
47.2767549561643;-2.30987798451319
47.2767180369824;-2.30977595700382
47.276680025929;-2.30967806414199
47.2766400396333;-2.30957798728152
47.2766000066805;-2.30947498921796
47.2765520357833;-2.30936603528526
47.2765019901228;-2.30926297490187
47.2764519894219;-2.30915302506704
47.2764119770291;-2.30908304186287
47.2763749979376;-2.30900593448061
47.2763429701703;-2.30893104061271
47.2763270283955;-2.30889300424504
47.276255043286;-2.30874495135494
47.2762199994974;-2.30866498662155
47.2761830149721;-2.30858602319867
47.2761529838272;-2.3085049636576
47.276119968589;-2.30842798407021
47.2760779587165;-2.30831100429353
47.2760469729596;-2.30823502118061
47.2760129695041;-2.30815794416986
47.2759820250903;-2.30808302595755
47.2759350055128;-2.30797297555913
47.275893033978;-2.3078630269778
47.2758569715409;-2.307756049477
47.275821956733;-2.30763605061853
47.2757870150571;-2.30754005560688
47.2757480218618;-2.3074379591813
47.2757179951505;-2.30734496953971
47.2756880237073;-2.30723501564994
47.2756670421471;-2.30710805317908
47.2756479794553;-2.30701601567998
47.2756280115619;-2.30692600995363
47.2756100257206;-2.30683606774758
47.2755879857436;-2.30674598981846
47.2755680167786;-2.30665797285375
47.2755579869298;-2.3066149542347
47.2755170028556;-2.30644796489939
47.2754899635935;-2.30634095349083
47.2754630063002;-2.30623806016443
47.2754329551427;-2.30611603521835
47.2754199621443;-2.30598601913711
47.275434979594;-2.30586301524857
47.2754419795347;-2.30585005207829
47.2753620254998;-2.30567496813728
47.275322989888;-2.30555603273073
47.2752929980837;-2.30547604088496
47.275253012339;-2.3053660269882
47.2752130145812;-2.30527006506697
47.2751849853536;-2.3051649457186
47.2751630430746;-2.30505300406298
47.275143002361;-2.30493303084352
47.275117957335;-2.30480805544518
47.2750929572094;-2.30468997851582
47.2750730018121;-2.30457995718033
47.2750520181651;-2.30445100865737
47.2750399673957;-2.30432599249415
47.2750429960539;-2.30431502301849
47.275047006763;-2.30418801505391
47.2750130107596;-2.30402795125391
47.2749969900581;-2.30390095202496
47.274977036349;-2.30378496556192
47.2749549996726;-2.30368097017781
47.2749200188884;-2.30356999483219
47.2748829652444;-2.30346093596106
47.2748600264305;-2.30335101849162
47.2748380417127;-2.3032360250256
47.2748150229099;-2.30311602422492
47.2748079607495;-2.30309093264657
47.2747700041034;-2.30290303617375
47.2747530224215;-2.30279503366019
47.2747350182437;-2.30266797211453
47.274706984569;-2.30255304439006
47.2746750364344;-2.30243295733512
47.2746399630557;-2.30232595155753
47.2746000142403;-2.30222098308022
47.2746120055226;-2.30209304132548
47.2746100265305;-2.30208502394637
47.2745580178269;-2.30187094940691
47.274526957277;-2.30176102642474
47.2745179780035;-2.30162995232021
47.2744299667642;-2.30161502592109
47.2744250237695;-2.30159093956094
47.2743820074055;-2.30141103051588
47.274372964145;-2.30130500680941
47.274352022096;-2.30118295949942
47.2743369847881;-2.30106003731885
47.2743169897784;-2.30093503459467
47.2742880040411;-2.30083101831422
47.2742620313703;-2.30074002675404
47.2742269571828;-2.30063103439239
47.2741970238848;-2.30052997404217
47.2741629828316;-2.30042797777444
47.2741320062135;-2.30032999635314
47.2740929976033;-2.30023599430452
47.2740549882476;-2.30012803847234
47.2740129692241;-2.30001305818263
47.2739649931916;-2.29990995147098
47.2739199887268;-2.29980302871941
47.2738779656677;-2.29969799146463
47.2738400419275;-2.29959998780077
47.2738299581948;-2.29956598166925
47.2737529596371;-2.29940499253847
47.2737179962541;-2.2993330004593
47.2736649668829;-2.29922594910492
47.2736279773612;-2.29914301895424
47.2735880115695;-2.29906006015861
47.2735500324225;-2.29898100964561
47.2735129990095;-2.29890298063113
47.2734780374939;-2.29882502374916
47.2734200396455;-2.298727955864
47.2733819622376;-2.29865499437779
47.2733329930715;-2.29854595906874
47.2732930143199;-2.29848102943728
47.2732529939984;-2.29841503524348
47.2732129811132;-2.29834493222667
47.2731730029651;-2.2982780144174
47.2731280249034;-2.29820994020716
47.2730919804429;-2.29812803294947
47.2730529657486;-2.29804596512567
47.2730129998757;-2.29796101956705
47.2729819707424;-2.29787006284544
47.2729599734835;-2.29777496028489
47.2729369774442;-2.29767604727829
47.2729080260735;-2.29758503085327
47.27288502494;-2.29750003725539
47.272847964857;-2.29739297515946
47.2728199590659;-2.29730298038313
47.2728120357295;-2.29727104461798
47.2727480431497;-2.29708602542818
47.272712975716;-2.29696497581718
47.2726950283251;-2.2968799514074
47.2726920129757;-2.29678606062154
47.2726729658808;-2.29665996421875
47.272652966805;-2.29653297854909
47.272655030478;-2.2964010118733
47.2726470331904;-2.29627004074644
47.2726430233943;-2.29626301659504
47.2725719567604;-2.29606099535077
47.2725499641188;-2.29594799821244
47.2725300037916;-2.29582804308669
47.2725019659789;-2.29572293391132
47.2724720330912;-2.29560796041366
47.2724569771295;-2.29550506052412
47.2724320184445;-2.29537798421292
47.2724170225692;-2.29525600071622
47.2723649754642;-2.29515501879893
47.2723999643079;-2.29503306266212
47.2723949683738;-2.29501997581149
47.2723249734877;-2.29482999414115
47.2722800145382;-2.29471605781421
47.2722429914793;-2.29461602879325
47.2722030449482;-2.29450099657492
47.2721769932716;-2.29438004423764
47.2721780375593;-2.2943729886675
47.2721119962644;-2.2942860052089
47.2720570134896;-2.29411301688245
47.2720249568631;-2.29400499445611
47.2719899747418;-2.29388793420247
47.2719480275224;-2.29379099988534
47.2719030154638;-2.29369005154697
47.2718499770211;-2.29359493991668
47.2717949788844;-2.29352296672028
47.2717330335574;-2.293452959703
47.2716799733469;-2.29338793880579
47.2716299823005;-2.29331301326081
47.2715899596441;-2.29324503654375
47.2715420191312;-2.29314300514357
47.2714799966904;-2.29305098555678
47.271409982836;-2.29296798776291
47.2714100317029;-2.29296494359693
47.2712649896922;-2.2928810416457
47.2712529883557;-2.2928830394946
47.2711780409664;-2.29283495028725
47.2711029952064;-2.29279493790735
47.2710180087162;-2.29262098392106
47.2710200024672;-2.29260301934116
47.2710730113219;-2.29237294671625
47.2710234868969;-2.2923746907921
47.2718746253785;-2.29130173131499
47.2712968184788;-2.29078197793698
47.2705749837076;-2.29064598963489
47.2705350332132;-2.29053096393755
47.2705000409552;-2.2904160295318
47.270492024727;-2.29038806405213
47.2704429670955;-2.29018597573053
47.2703730320686;-2.29011306593668
47.2703649611977;-2.2901080283631
47.270227036299;-2.29004803576687
47.2701379949064;-2.29002799081741
47.270052019547;-2.29000798304455
47.2699820146201;-2.28998994728095
47.2698969874194;-2.28996300738296
47.2698230239595;-2.28992496259773
47.2697499940095;-2.28990994284366
47.269670020985;-2.28988297114659
47.2695830015698;-2.28987001909715
47.2695220127889;-2.28986003061504
47.2694630038474;-2.28985805831603
47.2694019628354;-2.28986304392237
47.2693400146938;-2.28987801459683
47.2692799565644;-2.28990099251758
47.269220029863;-2.2899250438134
47.2691580294699;-2.28995498835026
47.2690969660296;-2.28999602753663
47.2690300411141;-2.29003304233152
47.2689600079569;-2.29007094367039
47.2688900074774;-2.29011998301042
47.2688219873744;-2.29017504998784
47.2687570393117;-2.29023002198419
47.2687079640701;-2.29029305386521
47.2686820067648;-2.29032602050592
47.2685979995974;-2.29041503641848
47.26853796758;-2.29047102275954
47.2684770318605;-2.29052506409137
47.2684150176504;-2.29058098733807
47.2683580027844;-2.2906400544433
47.2683000010085;-2.29069504743285
47.268237985534;-2.29075494687891
47.2681749699174;-2.29081501270307
47.2681170156841;-2.2908709379059
47.2680330331631;-2.29091594589768
47.2680219639807;-2.29094494483303
47.2679520182232;-2.29105005873863
47.2678379880256;-2.29118794160014
47.2677719953579;-2.29124996641882
47.2677099717597;-2.29131596140805
47.2676499784847;-2.2913809634327
47.2676000085698;-2.29142998653861
47.2675479588404;-2.29148503457299
47.2674930293183;-2.29153794279502
47.2674399854528;-2.2915930251546
47.2673880308899;-2.29164993802201
47.267336976345;-2.29170097457611
47.267282986545;-2.29175503547223
47.2672320205605;-2.29181005718877
47.2671829938765;-2.29186805366033
47.2671370410614;-2.29191999053686
47.2670819751075;-2.29196797998634
47.267020005423;-2.29201303517859
47.2669570452195;-2.29206594580812
47.2668949753547;-2.29212504156539
47.2668330006968;-2.29218600232267
47.2667679605768;-2.29224493746829
47.2667080108101;-2.29230304890845
47.2666529838109;-2.29236005503072
47.2666030128447;-2.2924110645464
47.26654997643;-2.29246004849209
47.266476984571;-2.29253503300795
47.2664520244087;-2.29255603333437
47.2663300201106;-2.29266104535872
47.2662479773861;-2.29270504746264
47.2661680113858;-2.2927529656827
47.2661129964244;-2.29278995670262
47.2660580224097;-2.2928300003681
47.266000033076;-2.29286099820024
47.2659449777441;-2.29289294807407
47.2658870299744;-2.29292501028189
47.2658320155787;-2.29296001273152
47.2657479833017;-2.29300805939109
47.2656919814524;-2.29304097602509
47.2656299728789;-2.29307502334457
47.2655679715828;-2.29310496224789
47.2655079933665;-2.29313801670867
47.2654499538043;-2.29317603409292
47.2653900238071;-2.29320803276146
47.2653300052398;-2.29323604613529
47.2652720237071;-2.29326094661446
47.2652150235586;-2.29328806462055
47.2651549646537;-2.29331103696767
47.2650930054978;-2.29334005165408
47.2650279920218;-2.29335100348133
47.2649620377714;-2.29334502880618
47.2648929752606;-2.29333994052574
47.2648230024562;-2.29333502757634
47.2647580130642;-2.29330794038698
47.264693016369;-2.29328496153381
47.2646600001868;-2.29327295713891
47.2645670421408;-2.29323595414095
47.2644970413477;-2.2932059871051
47.2644220345724;-2.29317499625511
47.2643519568948;-2.29312301896163
47.2642780450623;-2.29307596556089
47.2642070123222;-2.29303304008497
47.2641329598761;-2.29299498624438
47.2640620156716;-2.2929560461202
47.2639930167849;-2.29291994886794
47.2639249589514;-2.29288102849796
47.2638569957063;-2.29284596138871
47.2637930455897;-2.29280797647796
47.2637329740731;-2.29277594105973
47.2636479992816;-2.29273601555991
47.2635699647806;-2.29271599364421
47.2634919731039;-2.29269306001928
47.2634199868915;-2.29267297193142
47.2633320210992;-2.29266098389613
47.2632569596922;-2.29265093113311
47.2631780458935;-2.29266594701126
47.2630929958314;-2.29267505598057
47.2630229672454;-2.29269505681865
47.2629469837139;-2.29272295317689
47.2628680087725;-2.29276102540599
47.2628280226941;-2.29278504896006
47.2627469720177;-2.29283497775472
47.2627049971272;-2.29286105831055
47.2626630270087;-2.29289098304449
47.2626220443106;-2.29292299325042
47.262582007448;-2.29295602448197
47.2625400300183;-2.29299005717948
47.2624629867383;-2.29305496028253
47.2623880166419;-2.29311595884287
47.2623180426735;-2.29319004145785
47.2622529908391;-2.2932650069333
47.2622029698771;-2.29332104314318
47.2621320089863;-2.29339105166377
47.2620700348146;-2.29344802943652
47.2620299574867;-2.29347601938461
47.2619519836575;-2.29350994729637
47.2618729843378;-2.29351103630947
47.2617970206064;-2.29349506183669
47.2617079553611;-2.29351305113022
47.2616199988058;-2.29349098993111
47.2616170225798;-2.29349096148676
47.2614719727302;-2.29350594759756
47.2614349594181;-2.29361495628068
47.261416981843;-2.29372796290839
47.2613880371336;-2.29384797272788
47.2613619780586;-2.29396999006482
47.2613370014713;-2.29409595772302
47.261326977859;-2.2941849636227
47.2613120380325;-2.2942729544139
47.2613070209034;-2.29436099614909
47.261314972782;-2.29449100688777
47.2613319603213;-2.29460494388101
47.261361988759;-2.29470598560544
47.2614100205513;-2.29480005578867
47.2614500171987;-2.29490804545499
47.261497963049;-2.29500793928784
47.2615669809747;-2.2950929469482
47.261617971806;-2.29514794520337
47.2616980116479;-2.29520501416457
47.2617729670386;-2.29524501404684
47.2618430418373;-2.2953029557727
47.2618629698447;-2.29532493556296
47.2619549949857;-2.2954810031908
47.2619779715245;-2.29560799175844
47.2619100229889;-2.29569101829907
47.261851956418;-2.2957000012549
47.26177998602;-2.29572298714376
47.2617380191953;-2.29574098083202
47.2616929789359;-2.29576304510082
47.2616470404415;-2.29578502070764
47.2615970431586;-2.29580301721112
47.2615470043149;-2.29581994925605
47.2614930360366;-2.2958399396166
47.2614379751045;-2.29586803962908
47.2613869796555;-2.29589799865965
47.2613350397338;-2.2959229604614
47.261284991444;-2.29594996441984
47.2612379602495;-2.29598004935974
47.2611899906194;-2.29600500514264
47.2611419747533;-2.29602505235344
47.2610929708298;-2.29604500203715
47.2610399972693;-2.29606296952688
47.2609849939773;-2.29607994147136
47.2609270097831;-2.29609304069788
47.2608650197524;-2.29610494940361
47.2607999991902;-2.29611801698361
47.2607320104755;-2.2961249599622
47.2606619853162;-2.29613302737013
47.2605920091047;-2.29613805120657
47.2605230262964;-2.29614502858364
47.2604550382541;-2.29614998349039
47.2603879960274;-2.29615595947366
47.2603249656661;-2.29616299398448
47.2602629695795;-2.29617503441829
47.2602030092513;-2.2961879383817
47.2601520198372;-2.29620000450421
47.2600979657358;-2.29620805716925
47.2600129567317;-2.29623598433602
47.25995004008;-2.29627801961702
47.2598719640338;-2.29632796907252
47.2597900265229;-2.29634002957889
47.2597799656595;-2.29634102488638
47.2596379928985;-2.29634000454571
47.2595729741484;-2.29627805647185
47.2595129910207;-2.29618294136859
47.2594270430089;-2.29618996756045
47.2594320200373;-2.29631000560271
47.2594319896149;-2.29643299549517
47.2594279547679;-2.29653305923015
47.2594250030422;-2.29656603436318
47.2594129687513;-2.29676603564614
47.2594049693361;-2.29686597318736
47.2594020166348;-2.29696998719479
47.2593879965689;-2.29709305438824
47.2593619816383;-2.29721599805538
47.2593629830779;-2.29734796958826
47.2593920005791;-2.29747303106062
47.2593929939625;-2.29747498459784
47.2594349674673;-2.29759098715222
47.2594949782685;-2.29779001456622
47.2595419787167;-2.29788093436047
47.2595600014153;-2.29798794676339
47.2595879840308;-2.29810800312555
47.259615032494;-2.29821100279499
47.2596519613819;-2.29831497787179
47.2596590246184;-2.29834006174834
47.2596280245282;-2.29856602421419
47.2596570131926;-2.2986680229344
47.2597069877239;-2.29876294845379
47.2597400363518;-2.29886495063836
47.2597850344422;-2.29897595229497
47.2597929646544;-2.29898800079837
47.2599270406847;-2.29913006310837
47.2599280325747;-2.29913599266041
47.2599900400344;-2.29924005934214
47.2599470144896;-2.29943103860633
47.2599230448868;-2.29945796273713
47.2598720355351;-2.29957101686827
47.259839971896;-2.2996880620041
47.2598249699129;-2.29980294807813
47.259817981715;-2.2999300235457
47.2598169766645;-2.30002296514187
47.2598099624944;-2.30012300051334
47.2598070053699;-2.30023099108118
47.2598050437397;-2.30033497130885
47.2598030352182;-2.30043603109758
47.2597949850898;-2.30053503636419
47.2597880172711;-2.30063799205861
47.2597870010535;-2.30074299339304
47.2597820144261;-2.30084800023604
47.2597779727154;-2.30095601619825
47.2597799815157;-2.30105800286954
47.25977504522;-2.30115599021657
47.2597669560456;-2.3012459790242
47.2597369694857;-2.301360975121
47.259692011999;-2.30146004594186
47.259635025161;-2.30154003602994
47.2595630366583;-2.30159097665571
47.2595000328845;-2.30162106864627
47.2594770215592;-2.30163098911449
47.2593579895067;-2.30166296900639
47.2592699631574;-2.30167004623982
47.2591830113986;-2.30170095343201
47.2590999893949;-2.30171303106898
47.2590799718969;-2.30183099824085
47.2590120441689;-2.30187995343869
47.2589630292125;-2.30197106725942
47.2589880398751;-2.30208499966139
47.2590030194691;-2.30221503832086
47.259007042924;-2.30233803069874
47.2590029850976;-2.30246804435943
47.2589319778909;-2.30253498431387
47.2589170056377;-2.30252303499078
47.2587880094566;-2.30261300614971
47.2587070382004;-2.302663057185
47.2586930153821;-2.30265796091983
47.2585569894334;-2.30259601562279
47.258472016263;-2.30256005430177
47.2584000363603;-2.30252802732216
47.2583200283604;-2.30249003856788
47.2582569823685;-2.30245995457368
47.2581930349439;-2.30248305990137
47.2581500314249;-2.30250001708024
47.2581000369831;-2.30250806659405
47.2580170356368;-2.30249801184112
47.257942041928;-2.30245495237306
47.2578630434847;-2.30239294291099
47.2577869697586;-2.3023399696584
47.2577120206291;-2.30229002334768
47.25763702762;-2.30224497651645
47.2575580151632;-2.30220297859654
47.2574800398464;-2.30215803502842
47.2574000324797;-2.30211805958605
47.2573179930678;-2.30208305225179
47.2572349908756;-2.3020749861841
47.2571549894037;-2.30209597565198
47.2570800290613;-2.30213495699997
47.2570150259156;-2.302192945882
47.2569600253686;-2.30226106723766
47.2569120070515;-2.30235996244946
47.2568720122805;-2.30246097537335
47.2568349553205;-2.30255300128215
47.2568230296147;-2.30257501591667
47.2567199599326;-2.30268795416425
47.256661967278;-2.3027800319561
47.2566399705214;-2.30288799079125
47.2566300043033;-2.30301105363933
47.2565829693848;-2.30311998448022
47.2565349958303;-2.30321000327849
47.2564780044974;-2.30329793823312
47.2564079855937;-2.30336298371254
47.2563930077752;-2.30336494968105
47.256325022302;-2.30315506656921
47.2563199992218;-2.30304801737803
47.2563169604413;-2.30300994654326
47.2563069836983;-2.30281599946108
47.2562930247798;-2.30271098326148
47.2562670190306;-2.30260106630235
47.2562420384871;-2.30251802144254
47.2562199941963;-2.30242996558142
47.2561969980329;-2.30234102060566
47.2561650255715;-2.3022510565344
47.2561299953807;-2.30215495931948
47.2560869669735;-2.3020680118174
47.2560049820838;-2.30201604726825
47.2559430407071;-2.30194803886207
47.2559280268746;-2.30193502604825
47.2558049822086;-2.30182997138248
47.2557250292199;-2.30177303961565
47.2556650006337;-2.30168295628072
47.25565200498;-2.30168498593007
47.25551998784;-2.30176802889746
47.2554429939829;-2.30181595297628
47.2553630232874;-2.30185006524797
47.2552780028245;-2.30188805201481
47.255273044452;-2.30188795986195
47.255112979274;-2.30195100316236
47.2550250018604;-2.30195503613534
47.2550230205003;-2.30195298508521
47.2549130161972;-2.30211294473435
47.2548800057344;-2.30222498087498
47.2548449615457;-2.30234596021758
47.2547819647876;-2.3024330350119
47.2547699647855;-2.30243105453271
47.2546169738186;-2.30238294396219
47.2545430399792;-2.30236994252079
47.2544679746845;-2.30235603421203
47.2543950081342;-2.30231993674086
47.2543099871981;-2.3022830462802
47.2542300165544;-2.30225606392394
47.2541629901054;-2.30223605867527
47.2541420230434;-2.30222497613265
47.2540179927022;-2.30217495638505
47.253937041031;-2.30212998689839
47.2538549615762;-2.30208994200768
47.2537699757855;-2.30207001859428
47.2537520233059;-2.30206798040337
47.2536429813294;-2.30206502926047
47.2535780205351;-2.3020609985711
47.2535150403155;-2.30206100663303
47.2534549948282;-2.30205997933971
47.2533919662825;-2.30206104279963
47.2533019682936;-2.30205599699627
47.2532420165372;-2.30204503990865
47.2531580308498;-2.3020249505321
47.2530749923972;-2.30206299871527
47.2530019939362;-2.30213795139913
47.252996988804;-2.30213493916402
47.2528369614476;-2.30207102881804
47.2527669709955;-2.30203496174141
47.2526879575269;-2.30199495564907
47.2526070026188;-2.30195793839246
47.2525250060633;-2.30192002325741
47.2524600222549;-2.3018829933556
47.2523869565189;-2.30185497173966
47.2523169583895;-2.30182301256999
47.2522449958153;-2.30176104284806
47.2522349870834;-2.30175104313763
47.2521079985544;-2.30160797154829
47.252042000561;-2.30153002667805
47.2519880238919;-2.30142994604939
47.2519479672523;-2.30135297313625
47.251887019478;-2.30128493627576
47.2518020449053;-2.30125096917011
47.2517129834848;-2.30125502852078
47.2516250044376;-2.30126303772826
47.2515570060482;-2.30127805562728
47.2514679883166;-2.30129298557205
47.2513999937684;-2.30129806505423
47.2513299740272;-2.3013059924046
47.2512599973303;-2.30131100863629
47.2511900167804;-2.30132596315122
47.2511169633569;-2.30134299945948
47.2510369633635;-2.30136001232092
47.2509569740307;-2.30136496730917
47.2508900234163;-2.30136498165947
47.250806972644;-2.30135797301138
47.2507269785268;-2.30129799538156
47.2506930406004;-2.30117803133545
47.2506930174105;-2.30114503294884
47.2507029751763;-2.3009610260556
47.2507099931436;-2.30085305717176
47.2507220214616;-2.30074995596149
47.2507350030543;-2.30062799926537
47.2506870172972;-2.30053500676712
47.2506780033018;-2.30052298557096
47.2505899600818;-2.30055802236535
47.2504469640807;-2.30053794061364
47.2503719859969;-2.30053000767788
47.2502879908869;-2.30051800416114
47.250205028354;-2.30051498101405
47.2501249545018;-2.30050601497502
47.2500650402567;-2.30050606255294
47.2500020184347;-2.30050500823561
47.2499370038892;-2.30051594832506
47.2498720308548;-2.30052795258563
47.2497849960628;-2.30054095888803
47.2497100134188;-2.30054495167306
47.2496370159461;-2.30054105723052
47.249566998478;-2.30054302250899
47.249495042646;-2.30054002599197
47.2494070243271;-2.30054100907056
47.2493180126693;-2.30054003891807
47.249249984891;-2.30053796028678
47.2491779799838;-2.30053800669456
47.2490969572907;-2.30053597016851
47.2490729586803;-2.3005280353146
47.2490420429732;-2.30041102411232
47.2490330031333;-2.30023005017642
47.2490129972818;-2.30013094511444
47.2489900135557;-2.30002001777282
47.2489579733913;-2.29989799321711
47.2489420026807;-2.29983294431807
47.2489250318033;-2.29976806174784
47.2489100082952;-2.29970005871075
47.2488930011175;-2.29963596770409
47.2488579775313;-2.29951603431325
47.2488400176829;-2.2994530419852
47.2488229628064;-2.29938801887785
47.2488080288981;-2.29932002494234
47.2487970237563;-2.29925096124002
47.248787007362;-2.29918000752213
47.2487800154604;-2.29910802727028
47.2487729834484;-2.2990310077226
47.2487619705555;-2.2989009890369
47.2487480102306;-2.29879002588338
47.2487269629366;-2.29868604888213
47.2486979852597;-2.29857002600321
47.2486769964214;-2.2984529365655
47.248663034229;-2.29834594883544
47.2486070189842;-2.29824501424369
47.248605036836;-2.29824495113885
47.2484529765322;-2.29834999747902
47.2483820000349;-2.29837095213541
47.2483070056292;-2.29839098017678
47.2482329584607;-2.29840805396023
47.2481629774802;-2.29842499895891
47.2480970076408;-2.29844498993027
47.2480329769694;-2.29846795489046
47.2479730390579;-2.29850006920698
47.2479149572431;-2.29853302917106
47.247835031226;-2.29857801147022
47.2477720110433;-2.2986380453329
47.2477079655915;-2.29868499220231
47.2476449593708;-2.29872303107618
47.2475779755374;-2.29878095078396
47.2475170354346;-2.2988349616315
47.2474570010317;-2.29888495405709
47.2473830317212;-2.29891806781441
47.2473230195671;-2.29893997097373
47.2472580347538;-2.2989680085765
47.2471879949509;-2.29899806479478
47.2471149878564;-2.29902001024745
47.2470399903762;-2.29904798693512
47.2469630032375;-2.29908000732642
47.2469229777293;-2.29909301742914
47.2468019650952;-2.2991209573435
47.2467199734398;-2.29914797838893
47.2466379788417;-2.29918294931602
47.2465569715523;-2.29922000514771
47.2464750266941;-2.29924994562539
47.2463949741516;-2.29927994028639
47.2463170433409;-2.29930497664663
47.2462419967337;-2.29933599525697
47.2461670406759;-2.29936503517305
47.2460970082513;-2.29939098341529
47.2460130141705;-2.29944006651031
47.2459349640974;-2.29938293912938
47.2458850232331;-2.2993109635595
47.2458680305716;-2.2992879534629
47.2457850158824;-2.29915004016376
47.2457420415718;-2.29905596226507
47.2457030322142;-2.29896002331603
47.2456650294578;-2.29884603111377
47.2456119983138;-2.29874102354334
47.2455319850381;-2.2987129867094
47.2455150301607;-2.29870097831036
47.2453829666503;-2.2986529646432
47.2453030349609;-2.29863103115446
47.245241968344;-2.29860499696063
47.24517995881;-2.2985699922345
47.2451149737419;-2.29853297143955
47.2450520191019;-2.29849495860769
47.244987981973;-2.29845299653853
47.244928013906;-2.29840295612695
47.2448750368099;-2.29834605322991
47.2448099911463;-2.29826106208055
47.2447679880907;-2.29819503990956
47.2447179801555;-2.29809099561284
47.2446820435141;-2.2979909899979
47.2446449827533;-2.29788597113482
47.2446129796996;-2.2977709840509
47.2445949690945;-2.29764598282397
47.2445779699284;-2.29755606121647
47.2445530353459;-2.29746800669773
47.2445180323223;-2.29738505381979
47.2444849758821;-2.29730096812335
47.2444580032394;-2.29721801276323
47.2444399748349;-2.29712494254183
47.2444120188839;-2.29702797799868
47.2443550062191;-2.29693304940529
47.2443370162036;-2.29691802476505
47.2442679595298;-2.29689504721623
47.2441129594363;-2.29694997962157
47.2440380268954;-2.29701599080452
47.2439900074667;-2.29711301144336
47.2439570119243;-2.29721297164109
47.2439170200264;-2.29731793883759
47.2438769783451;-2.29742793587017
47.2438299846427;-2.29753605434969
47.2437870162041;-2.29764099239332
47.2437400297547;-2.2977450038365
47.243688037949;-2.29784600378349
47.2436300176075;-2.29792494422954
47.2435549975258;-2.29798299508948
47.2434779615747;-2.29801805751042
47.2434019761696;-2.2980459362073
47.2433319766057;-2.29808103027519
47.2432630391676;-2.2981599526705
47.2432520110331;-2.29818602608943
47.243237998196;-2.29836801746452
47.2432449611911;-2.29848795077672
47.2432470390712;-2.29861998914873
47.2432130362833;-2.2987360122481
47.2431699559779;-2.29879999604399
47.2431100113097;-2.29884999333175
47.2430419967694;-2.29889296681721
47.2429750192931;-2.2989329951547
47.2429070433265;-2.29898498189833
47.2428470087489;-2.29903496987059
47.2427799688347;-2.29909804580886
47.242711980887;-2.29916606282129
47.2426519782065;-2.29924294993175
47.2425919672286;-2.29932593079346
47.2425250154986;-2.29939298961319
47.2424569643813;-2.29942098653898
47.2423679791014;-2.29944506231026
47.2423049880271;-2.29953795039421
47.2423029998371;-2.29953801914678
47.2421649932194;-2.29960998855075
47.24208298933;-2.2996530369989
47.2420080308427;-2.29968803618671
47.2419220382698;-2.29969995239963
47.2419070121251;-2.29970297403234
47.2417479585646;-2.29973603224457
47.2416599777873;-2.2997480170671
47.2415830093228;-2.29968106373134
47.2415819879036;-2.29965804183019
47.2415300179038;-2.29945496976863
47.2415819606473;-2.29936099251038
47.2415799948401;-2.29933297521968
47.2415719986145;-2.29914298781234
47.2415669970548;-2.29906498654327
47.241562964265;-2.29895793272653
47.2415599981259;-2.29886502831692
47.2415529785083;-2.29877000151829
47.2415270164391;-2.29866104872935
47.2414450348602;-2.29861095884773
47.2413680237599;-2.29860998386987
47.241293003742;-2.29860099093525
47.2412099904001;-2.29860498828343
47.2411229827901;-2.29857599878223
47.2410379551558;-2.29855303433409
47.2409500145621;-2.29857005951496
47.2409149894515;-2.29866504337277
47.2409030083276;-2.29877502020835
47.2408699579192;-2.29888993974684
47.2408669818107;-2.299020016191
47.2408320327916;-2.29913501313219
47.2408149970319;-2.29917996831297
47.2407569904637;-2.29929997637951
47.2406879577385;-2.29937504191956
47.2405969807282;-2.29989005859367
47.2405879709522;-2.30000999963645
47.2405849678532;-2.30011304495484
47.2405930024219;-2.30024500257909
47.2405979722756;-2.30037294802618
47.2405720012351;-2.30048101302718
47.2405520278713;-2.30059602949405
47.2405500215124;-2.30062802635442
47.2405250357683;-2.30082098160806
47.2405120071342;-2.30093999571855
47.2404899621038;-2.30105295255614
47.2404979994418;-2.30117497376737
47.2404849834097;-2.30127597046701
47.2404720049397;-2.30138796744548
47.2404249758814;-2.30148494340742
47.240389978417;-2.30159503116325
47.2404029780729;-2.30172098696853
47.2403769535579;-2.30184004236613
47.2403769911641;-2.30185104267473
47.2403970000262;-2.30201505258795
47.2403949695508;-2.30201604449556
47.2403499737937;-2.30224001264045
47.2403549611144;-2.30227296495094
47.2403550123136;-2.30246097204768
47.2403470050552;-2.30255305618272
47.2403330412608;-2.30265501870059
47.2403229962134;-2.30276597996591
47.2403079874141;-2.30287499360678
47.2402919960466;-2.30296999881076
47.2402520395696;-2.3030780058359
47.2402100330934;-2.30314606359212
47.2401600013004;-2.30321597840183
47.2401079804666;-2.30328794894226
47.2400519831989;-2.30336005656023
47.2399949962173;-2.30343604093016
47.239935033743;-2.30351000890832
47.2398780059834;-2.30358294171082
47.239823039248;-2.3036680018503
47.2397650172893;-2.30374096863032
47.239712002837;-2.30381098519492
47.2396619605201;-2.30389096679488
47.2396080376234;-2.30397096239842
47.2395500069757;-2.30405002213723
47.2394900424627;-2.30412796327227
47.2394299803906;-2.3042100016998
47.2393680283931;-2.30428602383344
47.2393079653839;-2.30437004911833
47.239273022026;-2.30447298404637
47.2392829590979;-2.30458300225741
47.2393180350311;-2.30468000305111
47.2393579863339;-2.30477496837769
47.2393769924475;-2.30482096419968
47.2394300428282;-2.30495299539406
47.2394769753013;-2.3050649467987
47.2395199779535;-2.30517995481376
47.2395649770675;-2.3052750221813
47.2395299862355;-2.30537503767857
47.2394750250632;-2.30545797631953
47.2394249679778;-2.30555597294346
47.2393899615659;-2.30567797934093
47.2393880200364;-2.30568096718999
47.239178017546;-2.3057920412025
47.2390660357123;-2.30630403226879
47.2388820059762;-2.30718304141879
47.2389609884692;-2.307453965439
47.2391419936963;-2.30799902104079
47.2394839862583;-2.30845904067624
47.2403959824002;-2.30986098679382
47.2415589696221;-2.31174901814653
47.2422700253527;-2.31310098536798
47.2427429841273;-2.31423399108518
47.243073961869;-2.3149570603209
47.2433449817648;-2.31551003788316
47.2435609579914;-2.31572698750473
47.2435969956955;-2.31596203049988
47.2435749617106;-2.3164890483583
47.2432629624788;-2.31719206052539
47.2433539893029;-2.317494956064
47.2436070309492;-2.31794798810909
47.2436600359634;-2.31828302815788
47.2437869984672;-2.31849302825125
47.244294982112;-2.31873494401669
47.2443770086047;-2.31894102608845
47.2445569954311;-2.31951894008587
47.2449220260802;-2.31994797609309
47.2457249724357;-2.32082998481898
47.2462209751442;-2.32125201225141
47.2469400069425;-2.32244005223816
47.2475029548237;-2.32354705594142
47.2478610282012;-2.3247039948416
47.2482969729408;-2.32563505792784
47.2484609716241;-2.32604594642046
47.2485860374906;-2.32628905738098
47.2492409592806;-2.32793399617653
47.2500039993835;-2.33021704164986
47.2507909849543;-2.33193999519685
47.2518170156323;-2.3338500179671
47.2527099712045;-2.33571402383038
47.2532290051795;-2.33625595518504
47.2537830372573;-2.33703303234128
47.2545789531642;-2.33852504813566
47.2550870186166;-2.3393300673137
47.25534802058;-2.33955204093661
47.2560609593655;-2.34030894553194
47.2563620402875;-2.3412289905695
47.2567409624939;-2.34185806208421
47.2577609545785;-2.34171504181012
47.2583009792905;-2.3417290227952
47.2585280045798;-2.34168203348166
47.2587740135106;-2.34178100283048
47.2589890168983;-2.3413549468791
47.2591979957352;-2.34108296229326
47.2593609683312;-2.34097896536791
